{
  "_id": "65bba2b1ecc914091d48d956",
  "version": 2.1,
  "name": "inicios",
  "description": "",
  "screenSize": {
    "w": 1280,
    "h": 720
  },
  "type": "desktop",
  "screens": {
    "s10000_13045": {
      "x": 1096,
      "y": 239,
      "h": 720,
      "w": 1280,
      "name": "Screen",
      "type": "Screen",
      "style": {
        "background": "#ffffff"
      },
      "min": {
        "w": 1280,
        "h": 720
      },
      "has": {
        "image": true
      },
      "props": {
        "start": true
      },
      "children": [
        "w10003_18071",
        "w10001_2032",
        "w10002_13055"
      ],
      "id": "s10000_13045"
    },
    "s10004_52567": {
      "x": 2465,
      "y": 239,
      "h": 720,
      "w": 1280,
      "name": "Screen 1",
      "type": "Screen",
      "style": {
        "background": "#ffffff"
      },
      "min": {
        "w": 1280,
        "h": 720
      },
      "has": {
        "image": true
      },
      "props": {
        "start": false
      },
      "children": [],
      "id": "s10004_52567"
    }
  },
  "widgets": {
    "w10001_2032": {
      "type": "Image",
      "name": "comic.png",
      "x": 2031,
      "y": 334,
      "w": 50,
      "h": 50,
      "z": 2,
      "props": {},
      "has": {
        "image": true,
        "onclick": true,
        "backgroundImage": true,
        "border": true
      },
      "actions": {},
      "style": {
        "borderTopRightRadius": 0,
        "borderTopLeftRadius": 0,
        "borderBottomRightRadius": 0,
        "borderBottomLeftRadius": 0,
        "borderTopWidth": 0,
        "borderBottomWidth": 0,
        "borderRightWidth": 0,
        "borderLeftWidth": 0,
        "borderTopColor": "#333333",
        "borderBottomColor": "#333333",
        "borderRightColor": "#333333",
        "borderLeftColor": "#333333",
        "backgroundImage": {
          "name": "comic.png",
          "url": "image0.png",
          "w": 512,
          "h": 512
        }
      },
      "id": "w10001_2032",
      "created": 1706795845622,
      "modified": 1706795949635
    },
    "w10002_13055": {
      "type": "Image",
      "name": "anime.png",
      "x": 1930,
      "y": 334,
      "w": 50,
      "h": 50,
      "z": 4,
      "props": {
        "callbacks": {
          "click": "home.png",
          "change": "",
          "load": "",
          "render": ""
        }
      },
      "has": {
        "image": true,
        "onclick": true,
        "backgroundImage": true,
        "border": true
      },
      "actions": {},
      "style": {
        "borderTopRightRadius": 0,
        "borderTopLeftRadius": 0,
        "borderBottomRightRadius": 0,
        "borderBottomLeftRadius": 0,
        "borderTopWidth": 0,
        "borderBottomWidth": 0,
        "borderRightWidth": 0,
        "borderLeftWidth": 0,
        "borderTopColor": "#333333",
        "borderBottomColor": "#333333",
        "borderRightColor": "#333333",
        "borderLeftColor": "#333333",
        "backgroundImage": {
          "name": "anime.png",
          "url": "image1.png",
          "w": 512,
          "h": 512
        }
      },
      "id": "w10002_13055",
      "created": 1706795857081,
      "modified": 1706796205511
    },
    "w10003_18071": {
      "type": "Image",
      "name": "home.png",
      "x": 1829,
      "y": 334,
      "w": 50,
      "h": 50,
      "z": 6,
      "props": {},
      "has": {
        "image": true,
        "onclick": true,
        "backgroundImage": true,
        "border": true
      },
      "actions": {},
      "style": {
        "borderTopRightRadius": 0,
        "borderTopLeftRadius": 0,
        "borderBottomRightRadius": 0,
        "borderBottomLeftRadius": 0,
        "borderTopWidth": 0,
        "borderBottomWidth": 0,
        "borderRightWidth": 0,
        "borderLeftWidth": 0,
        "borderTopColor": "#333333",
        "borderBottomColor": "#333333",
        "borderRightColor": "#333333",
        "borderLeftColor": "#333333",
        "backgroundImage": {
          "name": "home.png",
          "url": "image2.png",
          "w": 512,
          "h": 512
        }
      },
      "id": "w10003_18071",
      "created": 1706795858928,
      "modified": 1706795946763
    }
  },
  "lines": {
    "l10005_72229": {
      "id": "l10005_72229",
      "from": "w10002_13055",
      "to": "s10004_52567",
      "points": [],
      "event": "click",
      "animation": "transform",
      "duration": 500
    }
  },
  "groups": {},
  "templates": {},
  "designtokens": {},
  "lastUUID": 10006,
  "lastUpdate": 1706796262036,
  "created": 1706795697003,
  "startScreen": "",
  "grid": {
    "w": 8,
    "h": 8,
    "style": "line",
    "color": "#cecece",
    "visible": false,
    "enabled": false
  },
  "domain": "Quant-UX.com",
  "id": "65bba2b1ecc914091d48d956",
  "screenCount": 2,
  "widgetCount": 3
}